trade_id,symbol,open_date_time,volume,side,open_price,initial_stop_loss,take_profit,close_date_time,swap,commission,profit,close_reason,candle_patterns
W963704386449645,BTCUSDC,2025-01-01T22:32:29,0.03,BUY,94812.50,94563.20,953738,2025-01-01T23:28:11.594,0.00,0.00,-7.53,CLOSE_REASON_STOP_LOSS,
W963704386449677,EURUSD,2025-01-01T23:00:05,0.07,SELL,1.03493,1.0357982989072314,1.0327942527319214,2025-01-01T23:00:09.996,0.00,-0.18,-7.01,CLOSE_REASON_STOP_LOSS,"[""CDL_3OUTSIDE"", ""CDL_BELTHOLD"", ""CDL_CLOSINGMARUBOZU"", ""CDL_ENGULFING"", ""CDL_HIGHWAVE"", ""CDL_LONGLINE"", ""CDL_MARUBOZU"", ""CDL_SHORTLINE"", ""CDL_SPINNINGTOP""]"
W963704386449678,AUDUSD,2025-01-01T23:00:11,0.21,SELL,0.61855,0.6188552265003613,0.6178219337490968,2025-01-01T23:00:14.482,0.00,-0.53,-7.99,CLOSE_REASON_STOP_LOSS,"[""CDL_BELTHOLD"", ""CDL_CLOSINGMARUBOZU"", ""CDL_DOJI_10_0.1"", ""CDL_ENGULFING"", ""CDL_HIGHWAVE"", ""CDL_HIKKAKE"", ""CDL_INSIDE"", ""CDL_LONGLEGGEDDOJI"", ""CDL_LONGLINE"", ""CDL_MARUBOZU"", ""CDL_SHORTLINE"", ""CDL_SPINNINGTOP""]"
W963704386449679,EURUSD,2025-01-01T23:01:16,0.1,SELL,1.03517,1.0357982989072314,1.0336342527319213,2025-01-01T23:01:33.762,0.00,-0.25,-7.00,CLOSE_REASON_STOP_LOSS,"[""CDL_3OUTSIDE"", ""CDL_ENGULFING"", ""CDL_HIGHWAVE"", ""CDL_SHORTLINE"", ""CDL_SPINNINGTOP""]"
W963704386449680,AUDUSD,2025-01-01T23:01:21,0.16,SELL,0.61851,0.6188552265003613,0.6171569337490967,2025-01-01T23:03:20.946,0.00,-0.4,-6.40,CLOSE_REASON_STOP_LOSS,"[""CDL_BELTHOLD"", ""CDL_CLOSINGMARUBOZU"", ""CDL_DOJI_10_0.1"", ""CDL_ENGULFING"", ""CDL_HIGHWAVE"", ""CDL_HIKKAKE"", ""CDL_INSIDE"", ""CDL_LONGLEGGEDDOJI"", ""CDL_LONGLINE"", ""CDL_MARUBOZU"", ""CDL_SHORTLINE"", ""CDL_SPINNINGTOP""]"
W963704386449697,EURUSD,2025-01-01T23:06:36,0.15,SELL,1.03539,1.0357983000028503,1.0344042499928745,2025-01-02T01:39:29.951,0.00,-0.38,-4.36,CLOSE_REASON_STOP_LOSS,"[""CDL_BELTHOLD"", ""CDL_CLOSINGMARUBOZU"", ""CDL_ENGULFING"", ""CDL_HIGHWAVE"", ""CDL_INSIDE"", ""CDL_SPINNINGTOP""]"
W963704386449850,AUDUSD,2025-01-02T00:26:09,0.08,BUY,0.61952,0.61875,0.62142,2025-01-02T01:42:42.99,0.00,-0.2,14.80,CLOSE_REASON_TAKE_PROFIT,"[""CDL_ADVANCEBLOCK"", ""CDL_BELTHOLD"", ""CDL_CLOSINGMARUBOZU"", ""CDL_HIKKAKE"", ""CDL_INSIDE"", ""CDL_LONGLINE"", ""CDL_MARUBOZU"", ""CDL_SHORTLINE"", ""CDL_STALLEDPATTERN""]"
W963704386449948,NZDUSD,2025-01-02T00:49:40,0.08,BUY,0.5601,0.5593,0.562,2025-01-02T02:49:20.68,0.00,-0.2,14.72,CLOSE_REASON_TAKE_PROFIT,"[""CDL_3INSIDE"", ""CDL_BELTHOLD"", ""CDL_DOJI_10_0.1"", ""CDL_HARAMI"", ""CDL_HIGHWAVE"", ""CDL_HIKKAKE"", ""CDL_INSIDE"", ""CDL_LONGLEGGEDDOJI"", ""CDL_LONGLINE"", ""CDL_RICKSHAWMAN"", ""CDL_SPINNINGTOP""]"
W963704386450443,AUDUSD,2025-01-02T02:05:42,0.07,BUY,0.62133,0.62043,0.62344,2025-01-02T03:50:36.568,0.00,-0.18,0.34,CLOSE_REASON_STOP_LOSS,"[""CDL_DOJI_10_0.1"", ""CDL_HIGHWAVE"", ""CDL_INSIDE"", ""CDL_LONGLEGGEDDOJI"", ""CDL_RICKSHAWMAN"", ""CDL_SHORTLINE"", ""CDL_SPINNINGTOP""]"
W963704386450583,NZDUSD,2025-01-02T02:49:39,0.06,BUY,0.56201,0.56104,0.56434,2025-01-02T03:50:51.49,0.00,-0.15,-4.02,CLOSE_REASON_STOP_LOSS,"[""CDL_3WHITESOLDIERS"", ""CDL_BELTHOLD"", ""CDL_CLOSINGMARUBOZU"", ""CDL_LONGLINE"", ""CDL_MARUBOZU""]"
W963704386450658,US500,2025-01-02T03:23:22,0.4,BUY,5906.56,5891.0,5943.72,2025-01-02T08:25:37.176,0.00,-0.1,2.61,CLOSE_REASON_STOP_LOSS,"[""CDL_HAMMER"", ""CDL_INVERTEDHAMMER"", ""CDL_SHORTLINE""]"
W963704386450671,US30,2025-01-02T03:25:58,0.1,BUY,42693.85,42602.02,42917.66,2025-01-02T08:25:02.107,0.00,-0.03,5.37,CLOSE_REASON_STOP_LOSS,"[""CDL_3INSIDE"", ""CDL_SHORTLINE""]"
W963704386450704,EURUSD,2025-01-02T03:34:48,0.06,BUY,1.03739,1.03639,1.03985,2025-01-02T04:40:57.073,0.00,-0.15,-4.44,CLOSE_REASON_STOP_LOSS,"[""CDL_3OUTSIDE"", ""CDL_BELTHOLD"", ""CDL_CLOSINGMARUBOZU"", ""CDL_ENGULFING"", ""CDL_HIKKAKE"", ""CDL_INSIDE"", ""CDL_LONGLINE"", ""CDL_MARUBOZU""]"
W963704386450717,NZDUSD,2025-01-02T03:59:06,0.18,BUY,0.56171,0.56133,0.56249,2025-01-02T05:07:46.981,0.00,-0.45,-7.74,CLOSE_REASON_STOP_LOSS,"[""CDL_BELTHOLD"", ""CDL_CLOSINGMARUBOZU"", ""CDL_HAMMER"", ""CDL_LONGLINE"", ""CDL_MARUBOZU""]"
W963704386450719,USDJPY,2025-01-02T04:00:16,0.04,SELL,157.14,157.31,156.76,2025-01-02T05:22:40.409,0.00,-0.1,-0.45,CLOSE_REASON_STOP_LOSS,"[""CDL_BELTHOLD"", ""CDL_CLOSINGMARUBOZU"", ""CDL_DOJI_10_0.1"", ""CDL_DRAGONFLYDOJI"", ""CDL_HAMMER"", ""CDL_HIKKAKE"", ""CDL_INSIDE"", ""CDL_LONGLEGGEDDOJI"", ""CDL_LONGLINE"", ""CDL_MARUBOZU"", ""CDL_SHORTLINE"", ""CDL_TAKURI""]"
W963704386450735,AUDUSD,2025-01-02T04:08:36,0.16,BUY,0.62172,0.62127,0.62259,2025-01-02T05:07:51.448,0.00,-0.4,-7.52,CLOSE_REASON_STOP_LOSS,"[""CDL_CLOSINGMARUBOZU"", ""CDL_DOJI_10_0.1"", ""CDL_DRAGONFLYDOJI"", ""CDL_HAMMER"", ""CDL_LONGLEGGEDDOJI"", ""CDL_LONGLINE"", ""CDL_SHORTLINE"", ""CDL_TAKURI""]"
W963704386450742,GBPJPY,2025-01-02T04:10:56,0.03,SELL,196.9,197.2,196.3,2025-01-02T05:35:13.159,0.00,-0.08,-2.07,CLOSE_REASON_STOP_LOSS,"[""CDL_3OUTSIDE"", ""CDL_BELTHOLD"", ""CDL_ENGULFING"", ""CDL_HAMMER"", ""CDL_LONGLINE"", ""CDL_SHORTLINE""]"
M963704386450810,EURUSD,2025-01-02T04:59:33,0.21,BUY,1.03698,1.03667,1.03769,2025-01-02T05:04:24.373,0.00,-0.53,-2.32,CLOSE_REASON_STOP_LOSS,"[""CDL_ADVANCEBLOCK"", ""CDL_BELTHOLD"", ""CDL_CLOSINGMARUBOZU"", ""CDL_DOJI_10_0.1"", ""CDL_HIGHWAVE"", ""CDL_LONGLEGGEDDOJI"", ""CDL_LONGLINE"", ""CDL_MARUBOZU"", ""CDL_RICKSHAWMAN"", ""CDL_SHORTLINE"", ""CDL_SPINNINGTOP""]"
M963704386450871,BTCUSDC,2025-01-02T05:25:24,0.02,BUY,95698.7,95425.6,96269.4,2025-01-02T06:17:15.654,0.00,0.0,-5.60,CLOSE_REASON_STOP_LOSS,"[""CDL_DOJI_10_0.1"", ""CDL_GRAVESTONEDOJI"", ""CDL_HAMMER"", ""CDL_INSIDE"", ""CDL_INVERTEDHAMMER"", ""CDL_LADDERBOTTOM"", ""CDL_LONGLEGGEDDOJI"", ""CDL_RICKSHAWMAN"", ""CDL_SHORTLINE"", ""CDL_SPINNINGTOP""]"
M963704386450928,GBPJPY,2025-01-02T06:14:30,0.02,SELL,196.75,197.08,196.01,2025-01-02T06:15:43.691,0.00,-0.05,-0.99,CLOSE_REASON_STOP_LOSS,"[""CDL_BELTHOLD"", ""CDL_CLOSINGMARUBOZU"", ""CDL_DOJI_10_0.1"", ""CDL_HIGHWAVE"", ""CDL_INSIDE"", ""CDL_LONGLEGGEDDOJI"", ""CDL_LONGLINE"", ""CDL_MARUBOZU"", ""CDL_RICKSHAWMAN"", ""CDL_SHORTLINE"", ""CDL_SPINNINGTOP""]"
M963704386450953,GBPJPY,2025-01-02T06:25:07,0.03,SELL,196.76,196.98,196.27,2025-01-02T07:00:12.349,0.00,-0.08,9.23,CLOSE_REASON_TAKE_PROFIT,"[""CDL_BELTHOLD"", ""CDL_CLOSINGMARUBOZU"", ""CDL_DOJI_10_0.1"", ""CDL_INSIDE"", ""CDL_LONGLINE"", ""CDL_MARUBOZU"", ""CDL_SHORTLINE""]"
M963704386450958,USDJPY,2025-01-02T06:27:29,0.03,SELL,156.9,157.1,156.3,2025-01-02T07:23:59.51,0.00,-0.08,2.52,CLOSE_REASON_STOP_LOSS,"[""CDL_BELTHOLD"", ""CDL_CLOSINGMARUBOZU"", ""CDL_DOJI_10_0.1"", ""CDL_GRAVESTONEDOJI"", ""CDL_INSIDE"", ""CDL_LONGLEGGEDDOJI"", ""CDL_LONGLINE"", ""CDL_MARUBOZU"", ""CDL_SEPARATINGLINES""]"
M963704386451008,NZDUSD,2025-01-02T06:47:23,0.17,SELL,0.56127,0.56163,0.5604,2025-01-02T08:37:03.829,0.00,-0.43,2.03,CLOSE_REASON_STOP_LOSS,"[""CDL_BELTHOLD"", ""CDL_CLOSINGMARUBOZU"", ""CDL_DOJI_10_0.1"", ""CDL_HIGHWAVE"", ""CDL_INSIDE"", ""CDL_LONGLEGGEDDOJI"", ""CDL_LONGLINE"", ""CDL_MARUBOZU"", ""CDL_RICKSHAWMAN"", ""CDL_SEPARATINGLINES"", ""CDL_SPINNINGTOP""]"
M963704386451013,AUDUSD,2025-01-02T06:50:53,0.11,SELL,0.62131,0.62188,0.61991,2025-01-02T08:40:35.873,0.00,-0.28,3.62,CLOSE_REASON_STOP_LOSS,"[""CDL_BELTHOLD"", ""CDL_GRAVESTONEDOJI"", ""CDL_INSIDE"", ""CDL_LONGLEGGEDDOJI"", ""CDL_SHORTLINE"", ""CDL_SPINNINGTOP""]"
M963704386451020,EURUSD,2025-01-02T06:55:28,0.1,SELL,1.03625,1.03688,1.03472,2025-01-02T07:25:34.094,0.00,-0.25,-6.70,CLOSE_REASON_STOP_LOSS,"[""CDL_BELTHOLD"", ""CDL_CLOSINGMARUBOZU"", ""CDL_HIKKAKE"", ""CDL_INSIDE"", ""CDL_LONGLINE"", ""CDL_SHORTLINE"", ""CDL_SPINNINGTOP""]"
M963704386451119,GBPJPY,2025-01-02T07:37:15,0.04,SELL,196.27,196.44,195.91,2025-01-02T07:57:32.595,0.00,-0.1,-0.97,CLOSE_REASON_STOP_LOSS,"[""CDL_SHORTLINE""]"
M963704386451125,USDJPY,2025-01-02T07:39:35,0.04,SELL,156.62,156.77,156.27,2025-01-02T07:56:48.694,0.00,-0.1,-0.97,CLOSE_REASON_STOP_LOSS,"[""CDL_SHORTLINE"", ""CDL_SPINNINGTOP""]"
M963704386451214,EURUSD,2025-01-02T08:09:41,0.05,SELL,1.03598,1.03727,1.03282,2025-01-02T08:35:08.475,0.00,-0.13,1.09,CLOSE_REASON_STOP_LOSS,"[""CDL_BELTHOLD"", ""CDL_HIKKAKE"", ""CDL_INSIDE"", ""CDL_LONGLINE""]"
M963704386451224,GBPJPY,2025-01-02T08:10:56,0.02,SELL,195.98,196.27,195.37,2025-01-02T08:42:38.522,0.00,-0.05,0.92,CLOSE_REASON_STOP_LOSS,"[""CDL_BELTHOLD"", ""CDL_CLOSINGMARUBOZU"", ""CDL_DOJI_10_0.1"", ""CDL_HARAMI"", ""CDL_HIGHWAVE"", ""CDL_INSIDE"", ""CDL_LONGLEGGEDDOJI"", ""CDL_LONGLINE"", ""CDL_MARUBOZU"", ""CDL_RICKSHAWMAN"", ""CDL_SHORTLINE"", ""CDL_SPINNINGTOP""]"
M963704386451338,BTCUSDC,2025-01-02T08:35:22,0.03,BUY,95791.1,95538.2,96324.9,2025-01-02T09:18:30.641,0.00,0.0,16.27,CLOSE_REASON_TAKE_PROFIT,"[""CDL_3OUTSIDE"", ""CDL_BELTHOLD"", ""CDL_CLOSINGMARUBOZU"", ""CDL_DOJI_10_0.1"", ""CDL_ENGULFING"", ""CDL_INSIDE"", ""CDL_LONGLINE"", ""CDL_MARUBOZU"", ""CDL_SHORTLINE"", ""CDL_SPINNINGTOP""]"
M963704386451682,BTCUSDC,2025-01-02T11:03:08,0.02,BUY,96705.1,96283.2,97661.4,2025-01-02T13:47:08.059,0.00,0.0,-4.81,CLOSE_REASON_STOP_LOSS,"[""CDL_3OUTSIDE"", ""CDL_BELTHOLD"", ""CDL_DOJI_10_0.1"", ""CDL_HAMMER"", ""CDL_HANGINGMAN"", ""CDL_HIGHWAVE"", ""CDL_INSIDE"", ""CDL_LONGLEGGEDDOJI"", ""CDL_LONGLINE"", ""CDL_SHORTLINE"", ""CDL_SPINNINGTOP""]"
M963704386451724,USDCAD,2025-01-02T11:27:47,0.1,BUY,1.44225,1.44156,1.44369,2025-01-02T11:57:10.156,0.00,-0.25,-4.73,CLOSE_REASON_STOP_LOSS,"[""CDL_BELTHOLD"", ""CDL_IDENTICAL3CROWS"", ""CDL_SHORTLINE""]"
M963704386451751,EURUSD,2025-01-02T11:35:59,0.04,SELL,1.03175,1.03315,1.02808,2025-01-02T11:39:30.468,0.00,-0.1,-1.36,CLOSE_REASON_STOP_LOSS,"[""CDL_BELTHOLD"", ""CDL_CLOSINGMARUBOZU"", ""CDL_LONGLINE"", ""CDL_MARUBOZU"", ""CDL_SHORTLINE""]"
M963704386451826,GBPJPY,2025-01-02T11:54:48,0.03,SELL,195.61,195.86,195.08,2025-01-02T12:56:33.39,0.00,-0.08,9.96,CLOSE_REASON_TAKE_PROFIT,"[""CDL_BELTHOLD"", ""CDL_CLOSINGMARUBOZU"", ""CDL_DOJI_10_0.1"", ""CDL_DRAGONFLYDOJI"", ""CDL_ENGULFING"", ""CDL_HANGINGMAN"", ""CDL_HIGHWAVE"", ""CDL_LONGLEGGEDDOJI"", ""CDL_LONGLINE"", ""CDL_MARUBOZU"", ""CDL_RICKSHAWMAN"", ""CDL_SHORTLINE"", ""CDL_SPINNINGTOP"", ""CDL_TAKURI""]"
M963704386451934,USDCAD,2025-01-02T12:07:45,0.09,BUY,1.44236,1.44156,1.44394,2025-01-02T12:37:09.26,0.00,-0.23,-2.77,CLOSE_REASON_STOP_LOSS,"[""CDL_CLOSINGMARUBOZU"", ""CDL_DOJI_10_0.1"", ""CDL_DRAGONFLYDOJI"", ""CDL_HAMMER"", ""CDL_LONGLEGGEDDOJI"", ""CDL_LONGLINE"", ""CDL_MATCHINGLOW"", ""CDL_RICKSHAWMAN"", ""CDL_SPINNINGTOP"", ""CDL_TAKURI""]"
M963704386451989,USDJPY,2025-01-02T12:30:02,0.06,BUY,157.17,157.03,157.4,2025-01-02T12:52:24.307,0.00,-0.15,-5.65,CLOSE_REASON_STOP_LOSS,"[""CDL_CLOSINGMARUBOZU"", ""CDL_DOJI_10_0.1"", ""CDL_HAMMER"", ""CDL_SHORTLINE"", ""CDL_SPINNINGTOP""]"
M963704386452044,NZDUSD,2025-01-02T12:45:16,0.09,SELL,0.5609,0.5616,0.5592,2025-01-02T13:37:16.043,0.00,-0.23,-4.06,CLOSE_REASON_STOP_LOSS,"[""CDL_BELTHOLD"", ""CDL_DOJI_10_0.1"", ""CDL_DRAGONFLYDOJI"", ""CDL_HIGHWAVE"", ""CDL_HIKKAKE"", ""CDL_INSIDE"", ""CDL_LONGLEGGEDDOJI"", ""CDL_MATCHINGLOW"", ""CDL_SHORTLINE"", ""CDL_SPINNINGTOP"", ""CDL_TAKURI""]"
M963704386452341,USDJPY,2025-01-02T13:33:19,0.01,BUY,157.25,156.81,158.22,2025-01-02T13:43:15.552,0.00,-0.03,-2.55,CLOSE_REASON_STOP_LOSS,"[""CDL_BELTHOLD"", ""CDL_DOJI_10_0.1"", ""CDL_HIGHWAVE"", ""CDL_LONGLEGGEDDOJI"", ""CDL_LONGLINE"", ""CDL_RICKSHAWMAN"", ""CDL_SPINNINGTOP""]"
M963704386452382,GBPJPY,2025-01-02T13:46:13,0.02,SELL,194.42,194.79,193.6,2025-01-02T14:13:20.524,0.00,-0.05,-4.81,CLOSE_REASON_STOP_LOSS,"[""CDL_BELTHOLD"", ""CDL_CLOSINGMARUBOZU"", ""CDL_HIKKAKE"", ""CDL_INSIDE"", ""CDL_MATCHINGLOW"", ""CDL_SPINNINGTOP""]"
M963704386452385,EURUSD,2025-01-02T13:47:22,0.05,SELL,1.03185,1.03312,1.02865,2025-01-02T14:32:39.041,0.00,-0.13,-3.06,CLOSE_REASON_STOP_LOSS,"[""CDL_ADVANCEBLOCK"", ""CDL_BELTHOLD"", ""CDL_CLOSINGMARUBOZU"", ""CDL_DOJI_10_0.1"", ""CDL_HIGHWAVE"", ""CDL_LONGLEGGEDDOJI"", ""CDL_LONGLINE"", ""CDL_MARUBOZU"", ""CDL_RICKSHAWMAN"", ""CDL_SPINNINGTOP""]"
M963704386452416,USDCAD,2025-01-02T13:53:20,0.08,BUY,1.44251,1.44166,1.44432,2025-01-02T15:37:05.034,0.00,-0.2,-1.62,CLOSE_REASON_STOP_LOSS,"[""CDL_BELTHOLD"", ""CDL_CLOSINGMARUBOZU"", ""CDL_HIKKAKE"", ""CDL_INSIDE"", ""CDL_LONGLINE"", ""CDL_SHORTLINE""]"
M963704386452491,NZDUSD,2025-01-02T14:03:59,0.1,SELL,0.56072,0.56134,0.5592,2025-01-02T14:22:51.782,0.00,-0.25,-6.60,CLOSE_REASON_STOP_LOSS,"[""CDL_CLOSINGMARUBOZU"", ""CDL_HIKKAKE"", ""CDL_INSIDE"", ""CDL_LONGLINE"", ""CDL_SHORTLINE"", ""CDL_SPINNINGTOP""]"
M963704386452560,USDJPY,2025-01-02T14:25:00,0.02,SELL,156.69,157.07,155.82,2025-01-02T14:42:21.265,0.00,-0.05,-3.80,CLOSE_REASON_STOP_LOSS,"[""CDL_CLOSINGMARUBOZU"", ""CDL_ENGULFING"", ""CDL_INSIDE"", ""CDL_LONGLINE""]"
M963704386452584,GBPJPY,2025-01-02T14:34:27,0.01,SELL,194.24,194.76,192.97,2025-01-02T14:47:07.995,0.00,-0.03,-3.37,CLOSE_REASON_STOP_LOSS,"[""CDL_BELTHOLD"", ""CDL_SHORTLINE""]"
M963704386452591,EURUSD,2025-01-02T14:35:37,0.05,SELL,1.03123,1.03245,1.02832,2025-01-02T15:28:38.535,0.00,-0.13,14.69,CLOSE_REASON_TAKE_PROFIT,"[""CDL_CLOSINGMARUBOZU"", ""CDL_DOJI_10_0.1"", ""CDL_GRAVESTONEDOJI"", ""CDL_LONGLEGGEDDOJI"", ""CDL_LONGLINE"", ""CDL_SHORTLINE"", ""CDL_SPINNINGTOP""]"
M963704386452691,GBPJPY,2025-01-02T15:09:38,0.02,SELL,194.43,194.76,193.67,2025-01-02T16:11:09.644,0.00,-0.05,-3.53,CLOSE_REASON_STOP_LOSS,"[""CDL_BELTHOLD"", ""CDL_CLOSINGMARUBOZU"", ""CDL_DOJI_10_0.1"", ""CDL_HIGHWAVE"", ""CDL_HIKKAKE"", ""CDL_INSIDE"", ""CDL_LONGLEGGEDDOJI"", ""CDL_LONGLINE"", ""CDL_MARUBOZU"", ""CDL_RICKSHAWMAN"", ""CDL_SPINNINGTOP""]"
M963704386452727,US500,2025-01-02T15:21:23,0.25,SELL,5906.58,5930.92,5842.58,2025-01-02T16:35:51.359,0.00,-0.05,0.68,CLOSE_REASON_STOP_LOSS,"[""CDL_3OUTSIDE"", ""CDL_ADVANCEBLOCK"", ""CDL_CLOSINGMARUBOZU"", ""CDL_DOJI_10_0.1"", ""CDL_ENGULFING"", ""CDL_HANGINGMAN"", ""CDL_HIGHWAVE"", ""CDL_HIKKAKE"", ""CDL_INSIDE"", ""CDL_LONGLEGGEDDOJI"", ""CDL_LONGLINE"", ""CDL_RICKSHAWMAN"", ""CDL_SPINNINGTOP""]"
M963704386452728,US30,2025-01-02T15:21:27,0.1,SELL,42716.3,42870.8,42302.2,2025-01-02T15:52:19.044,0.00,-0.03,0.30,CLOSE_REASON_STOP_LOSS,"[""CDL_CLOSINGMARUBOZU""]"
M963704386452988,USDCAD,2025-01-02T16:04:33,0.02,BUY,1.44411,1.44149,1.44995,2025-01-02T16:05:45.052,0.00,-0.05,-1.00,CLOSE_REASON_STOP_LOSS,"[""CDL_BELTHOLD"", ""CDL_CLOSINGMARUBOZU"", ""CDL_LONGLINE"", ""CDL_MARUBOZU"", ""CDL_SHORTLINE""]"
M963704386453006,USDCAD,2025-01-02T16:06:56,0.03,BUY,1.44388,1.4421,1.44815,2025-01-02T16:09:18.041,0.00,-0.08,-0.91,CLOSE_REASON_STOP_LOSS,"[""CDL_BELTHOLD"", ""CDL_CLOSINGMARUBOZU"", ""CDL_INSIDE"", ""CDL_LONGLINE"", ""CDL_MARUBOZU"", ""CDL_SHORTLINE""]"
M963704386453024,USDCAD,2025-01-02T16:10:28,0.03,BUY,1.44393,1.44211,1.44809,2025-01-02T16:55:23.444,0.00,-0.08,-3.49,CLOSE_REASON_STOP_LOSS,"[""CDL_BELTHOLD"", ""CDL_CLOSINGMARUBOZU"", ""CDL_DOJI_10_0.1"", ""CDL_GRAVESTONEDOJI"", ""CDL_HIGHWAVE"", ""CDL_INSIDE"", ""CDL_LONGLEGGEDDOJI"", ""CDL_LONGLINE"", ""CDL_MARUBOZU"", ""CDL_RICKSHAWMAN"", ""CDL_SHORTLINE"", ""CDL_SPINNINGTOP""]"
M963704386453183,EURUSD,2025-01-02T16:45:37,0.03,SELL,1.02472,1.02682,1.01943,,,-0.08,,,"[""CDL_DOJI_10_0.1"", ""CDL_DRAGONFLYDOJI"", ""CDL_HAMMER"", ""CDL_HIGHWAVE"", ""CDL_HIKKAKE"", ""CDL_INSIDE"", ""CDL_LONGLEGGEDDOJI"", ""CDL_MATCHINGLOW"", ""CDL_RICKSHAWMAN"", ""CDL_SHORTLINE"", ""CDL_SPINNINGTOP"", ""CDL_TAKURI""]"
